{"name": "Record Music", "category": "School", "duedate": "2021/02/21"}
{"name": "Record Music", "category": "School", "duedate": "2021/02/21"}
{"name": "Record Music - CCC", "category": "School", "duedate": "2021/02/21"}
{"name": "Record Music - CCC", "category": "School", "duedate": "2021/02/21"}
{"name": "Record Music - abc", "category": "School", "duedate": "2021/02/21"}
{"name": "Record Music - abc", "category": "School", "duedate": "2021/02/21"}
{"name": "Record Music - efg", "category": "School", "duedate": "2021/02/21"}
{"name": "Record Music - efg", "category": "School", "duedate": "2021/02/21"}
{"name": "Record Music - dd", "category": "School", "duedate": "2021/02/21"}
{"name": "Record Music - dd", "category": "School", "duedate": "2021/02/21"}
{"name": "Record Music - aa", "category": "School", "duedate": "2021/02/21"}
{"name": "Record Music - cc", "category": "School", "duedate": "2021/02/21"}
{"name": "Record song", "category": "School", "duedate": "2021/02/21"}
